,productTitle,productURL,Customer Name,Date,Review Title,Rating,Review Body
1,Amazon.in:Customer reviews: Puma mens Dazzler Black-Silver Running Shoe - 9 UK (39178201),https://www.amazon.in/Puma-Dazzler-Black-Puma-Silver-Sneaker/product-reviews/B09RG9WPTC/ref=cm_cr_dp_d_show_all_btm?ie=UTF8&reviewerType=all_reviews&pageNumber=,Ashiq mohanan,08-Jan-24,"5.0 out of 5 stars
Quality shoes on affordable price with minimal black design",5,"Value of money, good build quality, comfortable for regular use and jogging. Packaging was very bad but it didn't affect the shoe . Over all its very nice shoes"
2,Amazon.in:Customer reviews: Puma Unisex-Adult Smashic White-Matte Silver Sneaker - 10UK (39437102),https://www.amazon.in/Puma-Unisex-Adult-Smashic-White-Matte-Sneaker/product-reviews/B0BSLKJHF9/ref=cm_cr_dp_d_show_all_btm?ie=UTF8&reviewerType=all_reviews&pageNumber=,Gurpreet kaur,03-Feb-24,"5.0 out of 5 stars
Good product",5,Same as picture
3,Amazon.in:Customer reviews: Puma Unisex-Adult Badminton Smash Sprint Racing Blue-Speed Green-White Indoor Shoe - 9 UK (10812704),https://www.amazon.in/Puma-Unisex-Adult-Badminton-Blue-Speed-Green-White/product-reviews/B0CKYPDV2Z/ref=cm_cr_dp_d_show_all_btm?ie=UTF8&reviewerType=all_reviews&pageNumber=,Kf,17-Jan-24,"5.0 out of 5 stars
Worth every Penny",5,"Excellent and very comfortable, superb grip go ahead without any second thought. Overall Happy üôÇ"
4,Amazon.in:Customer reviews: Puma Mens Ultimate Ease Black-White Walking Shoe - 7 UK (37905101),https://www.amazon.in/Puma-Mens-Ultimate-Ease-Everglide/product-reviews/B0B51KHT5K/ref=cm_cr_dp_d_show_all_btm?ie=UTF8&reviewerType=all_reviews&pageNumber=,Sharmila Das,24-Feb-24,"5.0 out of 5 stars
Awesome quality i loved",5,I loved because shoes lightweight soft ..Comfortable
5,Amazon.in:Customer reviews: Puma Mens Melanite Slip on Cool Dark Gray-Black-White Sneaker - 9 UK (39185802),https://www.amazon.in/Puma-Mens-Melanite-Gray-Black-White-Sneaker/product-reviews/B0C5JB8QNX/ref=cm_cr_dp_d_show_all_btm?ie=UTF8&reviewerType=all_reviews&pageNumber=,Dinesh Kumar Masta,29-Oct-23,"5.0 out of 5 stars
Good fit and comfortable",5,"Good quality, lightweight and fit well to my feet."
6,Amazon.in:Customer reviews: Puma Unisex Duke IDP White-Quarry Running Shoe 38889202 8UK,https://www.amazon.in/Puma-White-Quarry-Running-Shoe-8UK-38889202/product-reviews/B09RF865D4/ref=cm_cr_dp_d_show_all_btm?ie=UTF8&reviewerType=all_reviews&pageNumber=,Pradeep,21-Jan-24,"5.0 out of 5 stars
Awesome",5,"It is a very good shoe, it is not heavy at all, it is light weight, it does not feel inside the foot, it is light weight."
7,Amazon.in:Customer reviews: Puma Mens Coarse Black-White Running Shoe - 7UK (37998602),https://www.amazon.in/Puma-Mens-Coarse-Black-White-Running/product-reviews/B0BVMFX73Q/ref=cm_cr_dp_d_show_all_btm?ie=UTF8&reviewerType=all_reviews&pageNumber=,Abhinav Bhutra,13-Feb-24,"5.0 out of 5 stars
**Product Review: Average Quality, Highly Priced Shoes**",5,"I recently purchased a pair of shoes that were marketed as high-quality, but unfortunately, they fell short of my expectations considering their steep price tag. Here's my honest review:**Quality**: Despite being marketed as high-quality shoes, I found the materials and construction to be rather average. The leather was not as supple or durable as expected, and the stitching seemed prone to fraying over time. While they were not poorly made, they certainly did not justify the premium price.**Comfort**: One would expect shoes in this price range to offer exceptional comfort, but unfortunately, that was not the case. The cushioning was adequate but not outstanding, and I found myself experiencing discomfort after prolonged wear. The lack of adequate arch support also left much to be desired.**Durability**: Given the price point, I expected these shoes to be built to last, but I was disappointed to find signs of wear and tear relatively quickly. The soles showed signs of scuffing and wear after just a few wears, and I'm concerned about their longevity with continued use.**Style**: While the style of these shoes was decent, it was nothing particularly special or unique. They lacked the standout design elements that one might expect from shoes in this price range, making them feel rather underwhelming in terms of aesthetics.**Value**: In terms of value for money, I must say I was disappointed. While these shoes were not of poor quality, they certainly did not live up to the expectations set by their high price. I believe there are better options available at lower price points that offer similar or even better quality and comfort.**Overall, while these shoes were not terrible by any means, I cannot recommend them given their high price and average quality. I believe there are better options available on the market that offer superior comfort, durability, and style at a more reasonable price point."
8,Amazon.in:Customer reviews: Puma Mens Alfarun White-Team Royal-Red Sneaker - 9UK (39186301),https://www.amazon.in/Puma-Alfarun-White-Team-Royal-Red-Sneaker/product-reviews/B0BVMG4CDH/ref=cm_cr_dp_d_show_all_btm?ie=UTF8&reviewerType=all_reviews&pageNumber=,Ritik roy,01-Feb-24,"5.0 out of 5 stars
At first fit it may would be tight but if you wear it regularly it will give you comfort",5,"Very happy and satisfied,value of money clearly visible and i may recommend you to buy this and #puma should make this type of products in future also‚Ä¶!"
9,Amazon.in:Customer reviews: Puma Mens Radcliff Black-Black Sneaker - 9 UK (39420502),https://www.amazon.in/Puma-Radcliff-Puma-Black-Running-India-9/product-reviews/B0BG2YMQ6J/ref=cm_cr_dp_d_show_all_btm?ie=UTF8&reviewerType=all_reviews&pageNumber=,amit,19-Jan-24,"5.0 out of 5 stars
Expensive but worth the money",5,"This is the most comfortable sports shoes i have used in my life . Although it is expensive but the quality is really good. I use it in gym regularly and it is very effective , light weight but strong . And it also looks good with Jeans."
10,Amazon.in:Customer reviews: Puma Mens Voltige Cool Dark Gray-Black-Feather Gray Sneaker - 9 UK (39810001),https://www.amazon.in/Puma-Mens-Voltige-Gray-Black-Feather-Sneaker/product-reviews/B0CKYVTTJX/ref=cm_cr_dp_d_show_all_btm?ie=UTF8&reviewerType=all_reviews&pageNumber=,Naveen k.,19-Jan-24,"5.0 out of 5 stars
Best purchase",5,One of the best sneaker in Puma store very light weight and very comfortable for long time use
11,"Amazon.in:Customer reviews: Puma Unisex-Adult Wired Rapid Black-Asphalt Sneaker, 9 UK (38588101)",https://www.amazon.in/Puma-Unisex-Adult-Black-Asphalt-Sneaker-38588101/product-reviews/B0B87Q84FH/ref=cm_cr_dp_d_show_all_btm?ie=UTF8&reviewerType=all_reviews&pageNumber=,biplob p.,24-Jan-24,"5.0 out of 5 stars
Simply worth it",5,My size is a tad bit smaller than 7 so puma fits me perfectly...very comfortable shoe and looks premium...I give it a 5 star
12,Amazon.in:Customer reviews: Puma mens Snatch V2 Black-White Sneaker - 9 UK (39178301),https://www.amazon.in/Puma-Snatch-Black-Puma-White-Sneaker/product-reviews/B09RG85S4N/ref=cm_cr_dp_d_show_all_btm?ie=UTF8&reviewerType=all_reviews&pageNumber=,souhardya,11-Nov-23,"5.0 out of 5 stars
Go for it without a second thought..worth it!",5,"Product itself is very good as per price, I always wear puma sneakers since 2016 bcuz my budget gor shoes is less than 2000. I would say for this price range a puma shoe is going to stay with you atleast 2 years with regular usage so its stardy enough.Now coming to this product its very well build, the front part has a extra layer of sole. The product itself very light weight, looks sleek and smart , without looking like a chunky brick. The foam is so comfortable and breathability is nice , no smell from foot after prolonged usage.pasting and steaching is also nice and finishing is so well.Dis: people calling it second copy of original personally I dont think so it looks original.so don't worry.Just go for it."
13,Amazon.in:Customer reviews: Puma Unisex-Adult SF Drift Cat 5 Ultra II Black-White Sneaker - 8 UK (30642203),https://www.amazon.in/Puma-Unisex-Adult-Sneakers-8-30642203/product-reviews/B07QJPLWGZ/ref=cm_cr_dp_d_show_all_btm?ie=UTF8&reviewerType=all_reviews&pageNumber=,Pranal Khyade,04-Sep-23,"5.0 out of 5 stars
Top notch quality",5,Top class quality and comfort but there are issues with the size there are no bigger sizes available if thinking to buy a greater size than the actual size of ur foot
14,Amazon.in:Customer reviews: Puma Unisex-Adult Retaliate 2 Black Running Shoe - 9 UK (37667644),https://www.amazon.in/Puma-Unisex-Adult-Retaliate-Black-Running/product-reviews/B0CKYRLZTC/ref=cm_cr_dp_d_show_all_btm?ie=UTF8&reviewerType=all_reviews&pageNumber=,Sukeerth,14-Feb-24,"5.0 out of 5 stars
Excellent shoe",5,Loved it
15,Amazon.in:Customer reviews: Puma Men's Knit Slip on Idp Black-Silver Sneaker-8 UK (37545503),https://www.amazon.in/PUMA-Mens-Black-Silver-Sneaker-4063696115997/product-reviews/B084HZP2Y8/ref=cm_cr_dp_d_show_all_btm?ie=UTF8&reviewerType=all_reviews&pageNumber=,AS Kandhari,27-Dec-22,"5.0 out of 5 stars
Good Shoes",5,Fits well and are comfortable shoes. The first day they appear a little tight but as you wear them they open up and fit well. Good value for money.
16,Amazon.in:Customer reviews: Puma Men's Black Radcliff VI Sports Shoe UK/India- 8,https://www.amazon.in/Puma-Black-Radcliff-Sports-India/product-reviews/B0CN3FRH6D/ref=cm_cr_dp_d_show_all_btm?ie=UTF8&reviewerType=all_reviews&pageNumber=,KS,29-Jan-24,"5.0 out of 5 stars
Good",5,Good buy for my school going girls
17,Amazon.in:Customer reviews: Puma unisex-adult COMET 2 ALT Beta Black Running Shoe - 9 UK (19510902),https://www.amazon.in/Puma-unisex-adult-COMET-Black-Running/product-reviews/B088RK457Y/ref=cm_cr_dp_d_show_all_btm?ie=UTF8&reviewerType=all_reviews&pageNumber=,vishal sarkar,06-Aug-23,"5.0 out of 5 stars
looks good.",5,"These shoes are stylish, comfortable, and provide excellent support during workouts. With their lightweight design and cushioned sole, they make each stride feel effortless. Whether you're a seasoned runner or just starting, these Puma shoes are a reliable companion for your fitness journey. üëå"
18,Amazon.in:Customer reviews: Puma Mens Neofuse Cool Mid Gray-White-Pumpkin Pie Sneaker - 10 UK (39810303),https://www.amazon.in/Puma-Mens-Neofuse-Gray-White-Pumpkin-Sneaker/product-reviews/B0CKYVPPMM/ref=cm_cr_dp_d_show_all_btm?ie=UTF8&reviewerType=all_reviews&pageNumber=,Pradip Debnath,10-Feb-24,"5.0 out of 5 stars
Good product beyond the expectations",5,Product is Light weight and nice fit. I am fully satisfied.
19,Amazon.in:Customer reviews: Puma Unisex Adult NRGY Comet Black-Ultra Gray-Dark Shadow Running Shoe-9 Kids UK (19055638),https://www.amazon.in/Unisexs-Black-Ultra-Gray-Dark-Walking-19055638/product-reviews/B08D984GTP/ref=cm_cr_dp_d_show_all_btm?ie=UTF8&reviewerType=all_reviews&pageNumber=,prasad,07-Jul-22,"5.0 out of 5 stars
Awesome",5,The media could not be loaded.
20,Amazon.in:Customer reviews: Puma Mens Robust V2 Ultra Gray-Yellow Alert Running Shoe - 8UK (37997903),https://www.amazon.in/Puma-Robust-Ultra-Gray-Yellow-Running/product-reviews/B0BVMDXVKM/ref=cm_cr_dp_d_show_all_btm?ie=UTF8&reviewerType=all_reviews&pageNumber=,Hinglaj Dan,29-Dec-23,"5.0 out of 5 stars
Awesome shoes",5,"I got it before the delivery date,  very comfortable and good quality shoes. Like it :-)"
21,Amazon.in:Customer reviews: Puma Mens Fierce Runner Persian Blue-White Running Shoe - 9 UK (31075203),https://www.amazon.in/Puma-Fierce-Persian-Blue-White-Running/product-reviews/B0CPF1TYFT/ref=cm_cr_dp_d_show_all_btm?ie=UTF8&reviewerType=all_reviews&pageNumber=,Amazon Customer,28-Feb-24,"5.0 out of 5 stars
Comfortable and flexibleüëç",5,Light weight and looking nice
22,Amazon.in:Customer reviews: Puma Unisex Adult Aviator Peacoat-Future Blue Running Shoes-9 Kids UK (19517502),https://www.amazon.in/Puma-Unisex-Aviator-Running-Peacoat-Future/product-reviews/B08MQRBW62/ref=cm_cr_dp_d_show_all_btm?ie=UTF8&reviewerType=all_reviews&pageNumber=,Avik Garain,20-Nov-23,"5.0 out of 5 stars
Awesome for running",5,"I completed a mile run within 6 mins during my physical test in SSC CPO. The soft cushioned sole and feathery fit of the textile upper really helps you while running, especially on asphalt, where it absorbes excess shock but still provides a good energy return. Night and day difference between running in a dedicated running shoe and a normal sports shoe(even from nike/adidas/puma)."
23,Amazon.in:Customer reviews: Puma Unisex-Adult Vellfire Blue Wash-Lake Blue-Parisian Night Walking Shoe - 8 UK (38879202),https://www.amazon.in/Puma-Unisex-Adult-Vellfire-Wash-Lake-Blue-Parisian/product-reviews/B0B8DN146N/ref=cm_cr_dp_d_show_all_btm?ie=UTF8&reviewerType=all_reviews&pageNumber=,JOSHI MAHENDRAKUMAR,20-Feb-24,"5.0 out of 5 stars
GOOD",5,Good
24,Amazon.in:Customer reviews: Puma mens Draco Black-Silver Sneaker - 7 UK (36853501),https://www.amazon.in/Puma-Black-Silver-Sandals-7-4060979211858/product-reviews/B07FNYG6DZ/ref=cm_cr_dp_d_show_all_btm?ie=UTF8&reviewerType=all_reviews&pageNumber=,Snehangshu b.,06-Dec-23,"5.0 out of 5 stars
Nice product",5,"Very comfortable and light weight, very nice,"
25,Amazon.in:Customer reviews: Puma Mens Cricket Classicat Metallic Gold-Silver-White-Team Gold Cricket Shoe - 6UK (10780701),https://www.amazon.in/Puma-Cricket-Classicat-Metallic-Gold-Silver-White-Team/product-reviews/B0BVMFXMBV/ref=cm_cr_dp_d_show_all_btm?ie=UTF8&reviewerType=all_reviews&pageNumber=,Bad quality. Does't work,13-Feb-24,"5.0 out of 5 stars
Puma",5,Good making
26,Amazon.in:Customer reviews: Puma Mens Softride Rift Slip-On Bold Black-White Walking Shoe - 8 UK (19451401),https://www.amazon.in/Puma-Softride-Slip-Running-19451401/product-reviews/B08SJX5M28/ref=cm_cr_dp_d_show_all_btm?ie=UTF8&reviewerType=all_reviews&pageNumber=,Nitish,27-Aug-23,"5.0 out of 5 stars
A Deep Dive into the Intricate Details of the Puma Men's Softride Rift Slip-on Bold Running Shoes",5,"Introduction:In the realm of running shoes, the Puma Men's Softride Rift Slip-on Bold emerges as a technological marvel, boasting a plethora of intricate features that cater to the needs of even the most discerning runners and technology enthusiasts. From its innovative design to its advanced cushioning technology, this running shoe stands as a testament to Puma's commitment to merging style and performance. In this comprehensive review, we will dissect every minute detail of the Puma Men's Softride Rift Slip-on Bold, exploring its construction, materials, comfort, support, and overall performance, all while celebrating the marriage of aesthetics and engineering that defines this exceptional running shoe.1. Design and Aesthetics:The Puma Men's Softride Rift Slip-on Bold Running Shoes command attention with their sleek and futuristic design. The slip-on construction offers a streamlined appearance while providing convenience for runners. The intricate interplay of textures, from the mesh upper with bold Puma branding to the contrasting midsole and outsole, showcases a meticulous attention to detail. The shoe's asymmetrical design not only creates a unique visual identity but also contributes to the overall fit and feel.2. Upper Construction and Materials:The upper of the Softride Rift Slip-on Bold is crafted from a breathable mesh material that not only enhances ventilation but also aids in moisture management during prolonged runs. The mesh is reinforced with synthetic overlays strategically placed to offer structural integrity and support. These overlays also contribute to the shoe's distinctive aesthetics. The elastic band across the midfoot not only adds to the futuristic design but also ensures a snug fit for various foot shapes.3. Slip-on Mechanism:The slip-on design of the shoe introduces an element of convenience that modern runners can appreciate. The absence of traditional laces eliminates the need for time-consuming adjustments, making the shoe an ideal choice for those seeking a hassle-free running experience. The elastic band and heel tab facilitate easy entry and exit while ensuring a secure fit. This innovative design approach aligns with contemporary preferences for both style and functionality.4. Cushioning Technology:One of the standout features of the Puma Men's Softride Rift Slip-on Bold Running Shoes is the advanced cushioning technology embedded within the midsole. The Softride foam technology is strategically engineered to provide a responsive yet cushioned ride. This intricate foam composition not only absorbs impact forces during each stride but also enhances energy return, translating into an efficient and comfortable running experience. The foam's density is calibrated to strike a balance between plush comfort and the responsiveness needed for optimal performance.5. Midsole and Outsole Construction:The midsole and outsole of the Softride Rift Slip-on Bold showcase an intricate pattern that reflects Puma's commitment to maximizing grip and traction. The multi-dimensional tread pattern is engineered to provide reliable traction on a variety of surfaces, offering runners the confidence to tackle various terrains. The integration of flex grooves enhances the shoe's flexibility and adaptability to the runner's gait, thereby minimizing the risk of discomfort and fatigue during extended runs.6. Comfort and Fit:Puma's attention to comfort is evident throughout the design of the shoe. The slip-on design, along with the elastic band and padded collar, ensures a secure yet adaptive fit. The use of lightweight materials contributes to a feeling of weightlessness during runs, reducing the impact of fatigue on the runner. The cushioning system's ability to conform to the contours of the foot translates into a personalized and snug experience, minimizing the risk of discomfort and blisters.7. Breathability:Breathability is a crucial factor in any running shoe, and the Softride Rift Slip-on Bold does not disappoint. The mesh upper's strategic construction encourages air circulation, preventing excessive heat buildup within the shoe. This feature is especially beneficial for long-distance runners and those navigating challenging weather conditions. The combination of breathability and moisture-wicking properties maintains a dry and comfortable environment for the foot throughout the run.8. Support and Stability:While the slip-on design might raise questions about the shoe's support and stability, Puma has skillfully addressed these concerns through a combination of design and technology. The synthetic overlays and elastic band work together to secure the midfoot and prevent lateral movement. The cushioning system, particularly in the heel and arch areas, enhances shock absorption and reduces the risk of instability. Additionally, the tread pattern of the outsole contributes to the shoe's overall stability, particularly during quick direction changes.9. Performance in Real-world Scenarios:Putting the Puma Men's Softride Rift Slip-on Bold Running Shoes to the test on various terrains and distances demonstrates their versatility and reliability. The cushioning technology's responsiveness provides an extra spring in the step during sprints, while its ability to absorb impact minimizes fatigue during longer runs. The shoe's traction and stability make it suitable for both road and light trail running, ensuring that runners can confidently conquer diverse environments.Conclusion:In the Puma Men's Softride Rift Slip-on Bold Running Shoes, we find an exemplar of meticulous design, innovative technology, and comfort-driven engineering. From the futuristic slip-on design to the advanced Softride foam cushioning, every detail is an embodiment of Puma's dedication to enhancing the running experience. The integration of aesthetics and functionality makes these shoes a standout choice for technology enthusiasts and serious runners alike. As we conclude this comprehensive review, it is evident that the Puma Men's Softride Rift Slip-on Bold Running Shoes have set a new benchmark for running footwear, seamlessly merging intricate details with exceptional performance."
27,Amazon.in:Customer reviews: Puma Unisex-Adult Resolve Modern Weave Bold Blue-Black Running Shoe - 11 UK (37799406),https://www.amazon.in/Puma-Unisex-Adult-Resolve-Blue-Black-Running/product-reviews/B0CKYRJYL3/ref=cm_cr_dp_d_show_all_btm?ie=UTF8&reviewerType=all_reviews&pageNumber=,Vikash Meena,10-Apr-23,"3.0 out of 5 stars
Different Colour",3,"The media could not be loaded.
                
Not doubt Shoues Quality Superb and all original Shoues I‚Äôts all so very comfortable, But Problem is Colour i order White Sole Shoues But Saller send me all Black, Otherwise no problem"
28,Amazon.in:Customer reviews: Puma Mens Scorch Mark Slip On Black-White-Cool Dark Gray Running Shoe - 8UK (37998701),https://www.amazon.in/Puma-Mens-Scorch-Black-White-Cool-Running/product-reviews/B0BVMGGGGS/ref=cm_cr_dp_d_show_all_btm?ie=UTF8&reviewerType=all_reviews&pageNumber=,Shankar,20-Feb-24,"5.0 out of 5 stars
Nice shoes.",5,"Very comfortable and easy to wear and remove, maybe for workout or to socialise. Good one"
29,Amazon.in:Customer reviews: Puma unisex-adult ST Activate Peacoat-Puma White Sneaker - 8 UK (36912203),https://www.amazon.in/Puma-Activate-Peacoat-Running-36912203_8/product-reviews/B07MBQNPWX/ref=cm_cr_dp_d_show_all_btm?ie=UTF8&reviewerType=all_reviews&pageNumber=,Sonakshi sethi,22-Aug-23,"5.0 out of 5 stars
Comfortable",5,Very comfortable and good quality
30,Amazon.in:Customer reviews: Puma Unisex R78 SL White White Sneaker 37412702 9UK,https://www.amazon.in/Puma-Mens-PUMA-White-White-Closed/product-reviews/B081QN6Y5X/ref=cm_cr_dp_d_show_all_btm?ie=UTF8&reviewerType=all_reviews&pageNumber=,Bharat Chavan,07-Apr-23,"5.0 out of 5 stars
Good investment",5,I‚Äôve been wearing this on a daily basis for over 6 months now and the product quality is actually nice. I‚Äôve seen people buy other products from same brand that get worn off but this pair that I bought didn‚Äôt disappoint. And I like the solid black colour of it.
31,Amazon.in:Customer reviews: Puma Mens Flyer Runner Engineered Knit White-Cool Mid Gray-Black Running Shoe - 10UK (37999301),https://www.amazon.in/Puma-Engineered-White-Cool-Gray-Black-Running/product-reviews/B0BVMFPK7Y/ref=cm_cr_dp_d_show_all_btm?ie=UTF8&reviewerType=all_reviews&pageNumber=,raja shekar g,09-Nov-23,"5.0 out of 5 stars
Too good is also Bad",5,"""Thrilled with my new shoes-top-notch style and comfort.Unfortunately, they decided to embark on an unexpected adventure without me.  Someone has stolen my shoes  before even I wear it on üòî, but I'm on the lookout for a replacement pair. 5 stars  for the unexpected twist!"""
32,Amazon.in:Customer reviews: Puma Mens Cricket HighRun White-Blazing Blue-Fast Yellow Cricket Shoe - 9UK (10780603),https://www.amazon.in/Puma-Cricket-HighRun-White-Blazing-Blue-Fast/product-reviews/B0BVMC8YFM/ref=cm_cr_dp_d_show_all_btm?ie=UTF8&reviewerType=all_reviews&pageNumber=,Angshuman Bedajna,18-Feb-24,"5.0 out of 5 stars
Need better sole cushion",5,Sole is too Hard
33,Amazon.in:Customer reviews: Puma Women's Enzo 2 Metal WN's Black-Gold Running Shoe-6 Kids UK (19325701),https://www.amazon.in/Womens-Metal-Black-Gold-Running-19325701/product-reviews/B083RL4Q5J/ref=cm_cr_dp_d_show_all_btm?ie=UTF8&reviewerType=all_reviews&pageNumber=,Miza,28-Jan-24,"5.0 out of 5 stars
Worth it",5,Super soft sole. It's been over a year and they still look so good even after using them regularly. Totally worth every penny.
34,Amazon.in:Customer reviews: Puma Unisex-Adult Rider FV Future Vintage Ash Gray-for All Time Red Sneaker - 9 UK (38767232),https://www.amazon.in/Puma-Unisex-Adult-Future-Vintage-Sneaker/product-reviews/B0CBPZ1K39/ref=cm_cr_dp_d_show_all_btm?ie=UTF8&reviewerType=all_reviews&pageNumber=,Vipin p.,10-Dec-23,"5.0 out of 5 stars
Comfortable and good looking",5,Only down side is it has suede maybe it's a good material but it's still comes from animals also we can't use this shoe in rain or water because of that.Even then this is one of the best shoeüôÇ
35,Amazon.in:Customer reviews: Puma Mens Amaze Runner White-Apricot-Asphalt Sneaker - 7UK (38870302),https://www.amazon.in/Puma-Amaze-Runner-White-Apricot-Asphalt-Sneaker/product-reviews/B0BQBTR48C/ref=cm_cr_dp_d_show_all_btm?ie=UTF8&reviewerType=all_reviews&pageNumber=,Placeholder,23-Nov-23,"1.0 out of 5 stars
Looks like PT shoes",1,Not looks good in real
36,Amazon.in:Customer reviews: Puma Unisex Adult Ferrari Future Cat Ultra Shoes Black White Closed 7 UK (40.5 EU) (8 US) (30624102),https://www.amazon.in/Puma-SF-Future-Cat-Ultra/product-reviews/B07DCBC2YX/ref=cm_cr_dp_d_show_all_btm?ie=UTF8&reviewerType=all_reviews&pageNumber=,Prathmesh H,26-May-20,"5.0 out of 5 stars
Must buy if you are Ferrari fan.",5,"This are the best andost expensive pair of shoes i have ever ordered in my life.  Wanted to add this shoes in my collection.  Material, fit, finish is top notch.  They looks sexy and yes they are REDüòç.  Recommended to get them if you are automobile enthusiastic."
37,Amazon.in:Customer reviews: Puma Mens Jetfly Ash Gray-Shadow Gray-Pele Yellow Sneaker - 11 UK (39810102),https://www.amazon.in/Puma-Jetfly-Gray-Shadow-Gray-Pele-Sneaker/product-reviews/B0CKYVJ3H4/ref=cm_cr_dp_d_show_all_btm?ie=UTF8&reviewerType=all_reviews&pageNumber=,RITUPARNA BEHERA,20-Jan-24,"5.0 out of 5 stars
Comfortable",5,I liked the colour of the shoe and it's comfort..
38,Amazon.in:Customer reviews: Adidas Men Synthetic ENRY Flux M Running Shoe SILGRN/Stone/GRESIX/PREYEL (UK-7),https://www.amazon.in/Adidas-Synthetic-Running-SILGRN-GRESIX/product-reviews/B0C4DLVZY3/ref=cm_cr_dp_d_show_all_btm?ie=UTF8&reviewerType=all_reviews&pageNumber=,Neina,17-Dec-23,"5.0 out of 5 stars
Happy purchase üòä",5,"Bought this for my hubby. He loves it- light weight, snug fit, very comfortable üëçüëç"
39,Amazon.in:Customer reviews: Adidas Men Synthetic RayRun M Running Shoe BLUOXI/GRESIX/SEIMOR (UK-10),https://www.amazon.in/Adidas-Synthetic-RayRun-Running-BLUOXI/product-reviews/B0C4DMDG1S/ref=cm_cr_dp_d_show_all_btm?ie=UTF8&reviewerType=all_reviews&pageNumber=,Gautam Adhikari,22-Oct-23,"5.0 out of 5 stars
Well Styled. Comfortable. Good shoes at such affordable price.",5,Well Styled. Comfortable. Good shoes at such affordable price.
40,Amazon.in:Customer reviews: Adidas mens Clinch-X M CBLACK/FTWWHT Sneaker - 9 UK (EW2465),https://www.amazon.in/Adidas-Mens-Clinch-X-Running-Black/product-reviews/B08FZS992L/ref=cm_cr_dp_d_show_all_btm?ie=UTF8&reviewerType=all_reviews&pageNumber=,Very comfortable one.,27-Feb-24,"5.0 out of 5 stars
Very comfortable",5,Nice one.
41,Amazon.in:Customer reviews: Adidas Mens Drogo M CBLACK/FTWWHT Running Shoe - 9 UK (CK9521_8),https://www.amazon.in/Adidas-CBLACK-Running-Shoes-9-CL4154_9/product-reviews/B07M8S2BQX/ref=cm_cr_dp_d_show_all_btm?ie=UTF8&reviewerType=all_reviews&pageNumber=,LS,17-Feb-24,"5.0 out of 5 stars
Very good shoes for gym",5,"Perfect fit, lightweight and soft!"
42,Amazon.in:Customer reviews: Adidas Mens Throb M BLUNIT/ACTTEA Running Shoe - 7 UK (CM4884),https://www.amazon.in/Adidas-Active-Running-Shoes-7-CM4884/product-reviews/B082QB9XYJ/ref=cm_cr_dp_d_show_all_btm?ie=UTF8&reviewerType=all_reviews&pageNumber=,Pravu mishra,15-Sep-23,"5.0 out of 5 stars
Nice product",5,Nice product
43,Amazon.in:Customer reviews: Adidas Mens Astoundrun M ARCNGT/Stone/CBLACK/PREYEL Running Shoe - 11 UK (IQ8852),https://www.amazon.in/Adidas-Astoundrun-ARCNGT-CBLACK-Running/product-reviews/B0C4DQV9KL/ref=cm_cr_dp_d_show_all_btm?ie=UTF8&reviewerType=all_reviews&pageNumber=,Abi Ramachandran,09-Jan-24,"5.0 out of 5 stars
Amazing Product",5,This is perfect one for running and to be used with casual wear.. Comfortable design.
44,Amazon.in:Customer reviews: Adidas Men Synthetic Alphabounce + Running Shoe CBLACK/Carbon/Carbon (UK-8),https://www.amazon.in/Adidas-Synthetic-Alphabounce-Running-Shoes/product-reviews/B0BJL5HZRW/ref=cm_cr_dp_d_show_all_btm?ie=UTF8&reviewerType=all_reviews&pageNumber=,Ashish,20-Apr-23,"5.0 out of 5 stars
Comfortable Shoes",5,"Loved it..The comfort it gives is amazing ü§©Just Finishing need to improved, glues are visible at the edges"
45,Amazon.in:Customer reviews: Adidas mens Fluidglow M STONE/FTWWHT/ACIMIN/DOVGRY Sneaker - 10 UK (EX2099),https://www.amazon.in/Adidas-Stone-Ftwwht-Acimin-Running/product-reviews/B0928MZL9R/ref=cm_cr_dp_d_show_all_btm?ie=UTF8&reviewerType=all_reviews&pageNumber=,Sakshie tripathi,09-Jan-24,"5.0 out of 5 stars
Very nice shoes at this price",5,Looks elegant..and comfortable
46,"Amazon.in:Customer reviews: Adidas Men Textile Beastmode M, Running Shoes, White, UK-8",https://www.amazon.in/Adidas-Textile-Beastmode-Running-Shoes/product-reviews/B0CPVMHZXZ/ref=cm_cr_dp_d_show_all_btm?ie=UTF8&reviewerType=all_reviews&pageNumber=,Satish,03-Feb-24,"4.0 out of 5 stars
It's first copy.",4,"Comfort wise it's ok ok, look wise cool, but it's not OG product."
47,"Amazon.in:Customer reviews: Adidas Men's Synthetic Shereton M Teconi/Wonwhi Running Shoes - 8 UK, Multi",https://www.amazon.in/Adidas-Synthetic-Shereton-Teconi-Running/product-reviews/B094P3XJZG/ref=cm_cr_dp_d_show_all_btm?ie=UTF8&reviewerType=all_reviews&pageNumber=,Amruta Auti,18-Jan-24,"5.0 out of 5 stars
Good Product",5,This is light weight and good product. Worth it for money.
48,Amazon.in:Customer reviews: Adidas Men Mesh Racard M Running Shoe CBLACK/FTWWHT/HALGOL (UK-11),https://www.amazon.in/Adidas-Mens-Racard-Running-Black/product-reviews/B08TMGY645/ref=cm_cr_dp_d_show_all_btm?ie=UTF8&reviewerType=all_reviews&pageNumber=,ViKas r.,25-Feb-24,"5.0 out of 5 stars
Nice",5,Amazing shoes üòÑThis is a nice shoes for runningAnd daily use
49,"Amazon.in:Customer reviews: Adidas Mens GlintRun M Shoes, Grey, 9 UK",https://www.amazon.in/Adidas-Synthetic-GlintRun-Running-Shoes/product-reviews/B0BJL5H28M/ref=cm_cr_dp_d_show_all_btm?ie=UTF8&reviewerType=all_reviews&pageNumber=,Good,16-Jan-24,"5.0 out of 5 stars
‚ò∫",5,Good product
50,Amazon.in:Customer reviews: Adidas Vs Pace 2.0 Men Casual Sneakers CBLACK/CBLACK/CBLACK,https://www.amazon.in/Adidas-Synthetic-Skateboarding-Shoes-Black/product-reviews/B0BJL2RY5F/ref=cm_cr_dp_d_show_all_btm?ie=UTF8&reviewerType=all_reviews&pageNumber=,Mahadev Kulkarni,16-Oct-23,"5.0 out of 5 stars
Good ones, reasonable",5,"Original, stylish n high quality shoes. My son loving them as they are comfortable. Thanks Amazon...üëç"
51,"Amazon.in:Customer reviews: Adidas Men Synthetic Courun avnt M, Running Shoes, FTWWHT/PULBLU/SEIMOR, UK-8",https://www.amazon.in/Adidas-Synthetic-Courun-Avant-Running/product-reviews/B0C4DP5HCW/ref=cm_cr_dp_d_show_all_btm?ie=UTF8&reviewerType=all_reviews&pageNumber=,Akshay Salgunan,06-Sep-23,"5.0 out of 5 stars
Awesome shoe",5,"One of the best shoes I've ever owned. It's 100% worth the money on Amazon. The product is not that light weight, but it's not heavy as NB shoes. The grip of the shoe is good. I liked the fit of the product, has average cushioning but has good comfort.Apart from the product, the packaging is average. Doesn't had an Amazon packing, but the box was not much damaged.If you want an expensive looking shoe with sturdy and sporty look, apart from the normal sport shoe designs, go for it.Adidas has done great work on the design part of the shoe. I really like the product, highly recommended."
52,Amazon.in:Customer reviews: Adidas Men Synthetic Cricup 23 Cricket Shoe FTWWHT/CBLACK/PULBLU (UK-9),https://www.amazon.in/Adidas-Synthetic-Cricup-Cricket-FTWWHT/product-reviews/B0C4DNH3DV/ref=cm_cr_dp_d_show_all_btm?ie=UTF8&reviewerType=all_reviews&pageNumber=,Rigdhi,07-Dec-23,"5.0 out of 5 stars
Great cricket shoe",5,"comfortable, good grip for grass ground..."
53,Amazon.in:Customer reviews: Adidas Mens Adivat M Conavy/FTWWHT/VIVRED Sneaker - 11 UK (EX2050),https://www.amazon.in/Adidas-Mens-Adivat-Running-Shoe/product-reviews/B08TMHVQR8/ref=cm_cr_dp_d_show_all_btm?ie=UTF8&reviewerType=all_reviews&pageNumber=,Saikiran S,06-Feb-24,"5.0 out of 5 stars
Adidas Men‚Äôs Shoe",5,Good Product
54,Amazon.in:Customer reviews: Adidas Mens Harquin M CBLACK/Stone/ACTGOL Sneaker - 8 UK (GA1118),https://www.amazon.in/Adidas-Synthetic-Harquin-Running-CBLACK/product-reviews/B09SF2RFBM/ref=cm_cr_dp_d_show_all_btm?ie=UTF8&reviewerType=all_reviews&pageNumber=,Amazon Customer,19-Nov-23,"5.0 out of 5 stars
Great product. Nice look",5,Great shoes at this price range. Good fiting. Its also great for running activities and sports. Nice product. Genuin product.
55,Amazon.in:Customer reviews: Adidas Men Synthetic Fluento M Running Shoe ARCNGT/CBLACK/OLDGOL (UK-12),https://www.amazon.in/Adidas-Synthetic-Fluento-Running-ARCNGT/product-reviews/B0C4DN719Y/ref=cm_cr_dp_d_show_all_btm?ie=UTF8&reviewerType=all_reviews&pageNumber=,Amazon Customer,21-Apr-23,"5.0 out of 5 stars
absolutely loving loving loving these sneakers !!!",5,"absolutely loving these adidas sneakers , fits like a dream , didnt think they wouldk be anywhere near as good at this price range , brilliant brilliant pair of shoes , probably oen of my best purchases on amazon this year since i got a football last week or so ."
56,Amazon.in:Customer reviews: Adidas Mens Adispree 5.0 M TRAROY/MYSBLU/SILVMT Sneaker - 6 UK (CK9529),https://www.amazon.in/Adidas-Adispree-Running-Shoes-6-CK9529/product-reviews/B07MNZXBNF/ref=cm_cr_dp_d_show_all_btm?ie=UTF8&reviewerType=all_reviews&pageNumber=,Pintu,01-Feb-24,"5.0 out of 5 stars
This shoe is very nice and good look",5,This shoe peckag box so good
57,Amazon.in:Customer reviews: Adidas Men Synthetic Grand Court Base 2.0 Tennis Shoe CBLACK/FTWWHT/CBLACK (UK-10),https://www.amazon.in/Adidas-Grand-CBLACK-FTWWHT-Sneaker/product-reviews/B09VSZ29M4/ref=cm_cr_dp_d_show_all_btm?ie=UTF8&reviewerType=all_reviews&pageNumber=,Jyotimoy Kashyap,19-Jul-23,"5.0 out of 5 stars
Great Shoes Overall",5,"The media could not be loaded.
                
Considering the price at which I was getting them, I was a little skeptical at first but to my surprise, they turned out to be great. They are well built, fashionable and trendy and comfortable to wear. No regrets buying this product."
58,Amazon.in:Customer reviews: Adidas Men Synthetic GauzeWalk M Running Shoe Conavy/WOGOME (UK-9),https://www.amazon.in/Adidas-Synthetic-GauzeWalk-Running-Conavy/product-reviews/B0C4DM81TX/ref=cm_cr_dp_d_show_all_btm?ie=UTF8&reviewerType=all_reviews&pageNumber=,Pavan R Chawla,19-Dec-23,"5.0 out of 5 stars
Excellent look, fit, making.",5,"Very nice and snugly comfortable, as good walking shoes should be."
59,Amazon.in:Customer reviews: Adidas Men Synthetic LITE Racer 3.0 Running Shoe CBLACK/FTWWHT/GREFIV (UK-8),https://www.amazon.in/Adidas-Textile-Cblack-Ftwwht-Running/product-reviews/B094QCL15R/ref=cm_cr_dp_d_show_all_btm?ie=UTF8&reviewerType=all_reviews&pageNumber=,SOE HTET AUNG,04-Feb-24,"5.0 out of 5 stars
Excellent shoes",5,"I am really satisfied with this shoe. Beautiful. Nice stitching. Really worth about 2500 INR. After using it for a while, I will write a review again if it is not good. If not, buy it when you need shoes."
60,Amazon.in:Customer reviews: Adidas Men Synthetic adimove M Running Shoe WONSTE/NGTSKY/LUCCYA (UK-7),https://www.amazon.in/Adidas-Synthetic-adimove-Running-WONSTE/product-reviews/B0C4DNFBLR/ref=cm_cr_dp_d_show_all_btm?ie=UTF8&reviewerType=all_reviews&pageNumber=,Ravi Shankar Bhojak,05-Feb-24,"5.0 out of 5 stars
Good quality",5,Good quality and verry comfortable
61,Amazon.in:Customer reviews: Adidas Men Textile FLUIDFLOW 3.0 Running Shoe CREBLU/FTWWHT/BRIRED (UK-8),https://www.amazon.in/Adidas-Textile-FLUIDFLOW-Running-CREBLU/product-reviews/B0BZ8C9M1J/ref=cm_cr_dp_d_show_all_btm?ie=UTF8&reviewerType=all_reviews&pageNumber=,Gaurav S.,26-Jan-24,"5.0 out of 5 stars
Design",5,I am satisfied with this product. The design fits just right in to my taste. Right weight - not so light and not so heavy to feel the originality of the brand(product). Love Adidas!
62,"Amazon.in:Customer reviews: Adidas Men Synthetic Walkwagon M Running Shoe Tecind/Stone/Pulblu (UK-9), Multicolor",https://www.amazon.in/Adidas-Synthetic-WalkWagon-Running-TECIND/product-reviews/B0C4PT4ML1/ref=cm_cr_dp_d_show_all_btm?ie=UTF8&reviewerType=all_reviews&pageNumber=,Fuzail,02-Nov-23,"5.0 out of 5 stars
The best",5,"Good comfort, looks amazing and definitely people notice"
63,Amazon.in:Customer reviews: Adidas Men Mesh QuestIt Mid Outdoor Shoe Black/GRESIX/BLUFUS/Stone (UK-10),https://www.amazon.in/Adidas-QuestIt-Outdoor-GRESIX-BLUFUS/product-reviews/B0C4PTHT56/ref=cm_cr_dp_d_show_all_btm?ie=UTF8&reviewerType=all_reviews&pageNumber=,Aditya Nath,06-Jun-23,"5.0 out of 5 stars
The standard is set high",5,Nice shoes but with a good cost. U can buy it for trekking wear
64,Amazon.in:Customer reviews: Adidas Men Mesh Terrex Voyager 21 Outdoor Shoe CBLACK/CWHITE/GRETWO (UK-9),https://www.amazon.in/Adidas-Terrex-Voyager-Outdoor-CBLACK/product-reviews/B0BNN8JWYX/ref=cm_cr_dp_d_show_all_btm?ie=UTF8&reviewerType=all_reviews&pageNumber=,Antriksh Kumbhat,30-Apr-23,"2.0 out of 5 stars
Deceiving",2,It‚Äôs not a great shoe at all
65,Amazon.in:Customer reviews: Adidas Men Mesh AZTOR TRAILEX Outdoor Shoe Black/MLEAD/IMPYEL (UK-6),https://www.amazon.in/Adidas-AZTOR-TRAILEX-Outdoor-IMPYEL/product-reviews/B0C4DPWK8Q/ref=cm_cr_dp_d_show_all_btm?ie=UTF8&reviewerType=all_reviews&pageNumber=,Divyam Gupta,15-Dec-23,"4.0 out of 5 stars
Nice",4,Design is very good. Looks very premium.Slightly loose due to V shape design.
66,Amazon.in:Customer reviews: Adidas Men Synthetic and Mesh Run Steady M Running Shoes CBLACK/Solred/Stone UK-10,https://www.amazon.in/Adidas-Steady-CBLACK-Shoe-10-EY3146/product-reviews/B094QCMR4Z/ref=cm_cr_dp_d_show_all_btm?ie=UTF8&reviewerType=all_reviews&pageNumber=,Sharath Prakash,01-Feb-24,"5.0 out of 5 stars
Its a very good shoes with very good comfort.",5,Its a very good shoes with very good comfort.
67,Amazon.in:Customer reviews: Adidas Mens Adiglide M GRESIX/CBLACK/Stone/S Running Shoe - 10 UK (HMI89),https://www.amazon.in/Adidas-Adiglide-Running-Shoe-10-HMI89/product-reviews/B094QC9Y2J/ref=cm_cr_dp_d_show_all_btm?ie=UTF8&reviewerType=all_reviews&pageNumber=,Dhaval Chavan,20-Jan-24,"5.0 out of 5 stars
Best shoe at this price point",5,"The media could not be loaded.
                
Good build quality, looks fabulous, very light weight that too an Adidas shoe just under 1500.. U can't ask for anything more.... Thanks amazon for quick delivery."
68,Amazon.in:Customer reviews: Adidas Men Synthetic topazo ms Running Shoe GRESIX/PRERED/Stone/CBLACK (UK-9),https://www.amazon.in/Adidas-Synthetic-topazo-Running-Shoes/product-reviews/B0BJLS333W/ref=cm_cr_dp_d_show_all_btm?ie=UTF8&reviewerType=all_reviews&pageNumber=,Tapan Prasad Choudhury,28-Nov-23,"5.0 out of 5 stars
Value of money",5,Good Product
69,Amazon.in:Customer reviews: Adidas Men Synthetic &amp; Textile Ultra Strike M Running Shoes SHAOLI/MAGBEI/CBLACK UK-7,https://www.amazon.in/Adidas-Shadow-Olive-Strike-Running/product-reviews/B09N3M3RJN/ref=cm_cr_dp_d_show_all_btm?ie=UTF8&reviewerType=all_reviews&pageNumber=,Ajay Rao,26-Oct-22,"5.0 out of 5 stars
Good",5,Right leg shoe is less defective
70,Amazon.in:Customer reviews: Adidas Men Synthetic &amp; Textile Adiscend M Running Shoes DKGREY/DOVGRY/IMPYEL UK-7,https://www.amazon.in/Adidas-Impact-Yellow-Adiscend-Running/product-reviews/B09N3N8N39/ref=cm_cr_dp_d_show_all_btm?ie=UTF8&reviewerType=all_reviews&pageNumber=,Ash,20-Apr-23,"5.0 out of 5 stars
Top of the line",5,"The shoes are top of the line. Ultra premium feel, light as a feather, yet they withstand my brutal gym routine like a charm.I was searching for teal color running shoes as it's the most premium and modern color till date. It was only invented a few years ago. I am really happy to have found it. I was super bored with those blue, red, white, black generic colors even in top brands.One more thing. The grip allows me to do stretching even on marble floor without slipping."
71,Amazon.in:Customer reviews: Adidas Mens Glarus M CBLACK/FTWWHT Running Shoe - 10 UK (CM4980),https://www.amazon.in/Adidas-Glarus-Running-Shoes-10-CM4980/product-reviews/B082Q9F7RG/ref=cm_cr_dp_d_show_all_btm?ie=UTF8&reviewerType=all_reviews&pageNumber=,Running Shoes,24-Oct-23,"5.0 out of 5 stars
Comfortable",5,The product is amazing and comfortable.
72,"Amazon.in:Customer reviews: Adidas Men's Synthetic SleetWalk M Running Shoe WONSTE/FTWWHT, 7 UK, Blue (Set of 1 Pair)",https://www.amazon.in/Adidas-Synthetic-SleetWalk-Running-WONSTE/product-reviews/B0C4DQK6BD/ref=cm_cr_dp_d_show_all_btm?ie=UTF8&reviewerType=all_reviews&pageNumber=,Biplab Ghosh,13-Dec-23,"5.0 out of 5 stars
Effortless Comfort and Style with Adidas Sleetwalk Sneakers",5,"I recently added the Adidas Sleetwalk Sneakers to my collection, and they've quickly become a favorite for several reasons. Here's my take on these sneakers:**Pros:**1. **Comfortable Fit:** The comfort level of these sneakers is unparalleled. They provide a snug yet breathable fit, making them ideal for extended periods of wear.2. **Laceless Design, Perfect Fit:** Despite not having laces, the Adidas Sleetwalk Sneakers offer a secure and perfect fit for my feet. The design ensures convenience without compromising on stability.3. **Long-Walking Comfort:** Whether it's a stroll around the block or a longer walking session, these sneakers deliver consistent comfort. The cushioning and support make them an excellent choice for those on the move.4. **Stylish Appearance:** While comfort is paramount, it's also worth noting that the sneakers look fantastic. The design strikes a balance between sporty and casual, making them versatile for various occasions.In summary, the Adidas Sleetwalk Sneakers combine comfort, convenience, and style seamlessly. A great choice for anyone seeking a reliable, laceless option that doesn't compromise on performance or aesthetics."
73,Amazon.in:Customer reviews: Adidas Men Synthetic Adidash M Running Shoe BLUOXI/Stone/Green/GRESIX (UK-8),https://www.amazon.in/Adidas-Synthetic-Adidash-Running-BLUOXI/product-reviews/B0C4PYLYNH/ref=cm_cr_dp_d_show_all_btm?ie=UTF8&reviewerType=all_reviews&pageNumber=,SV Srinivas,25-Nov-23,"5.0 out of 5 stars
Light weight and looks good.",5,"It looks very good, lightweight and very comfortable to wear.  The only drawback initially it was making squeaking sounds, but after some time it is gone."
74,Amazon.in:Customer reviews: Adidas Mens Agora 1.0 Black/Metsil/SOLBLU Outdoor Shoes - 9 UK (S48720),https://www.amazon.in/Adidas-Agora-Metsil-SOLBLU-Outdoor/product-reviews/B076H51BL9/ref=cm_cr_dp_d_show_all_btm?ie=UTF8&reviewerType=all_reviews&pageNumber=,Sarthak Sawhney,25-Jun-23,"5.0 out of 5 stars
Great shoe for every terrain except a few ..",5,"It‚Äôs a great shoe I bought it again! I have had this for year tore the mesh after 3 years while riding bike. The cushion the sole and laces everything intact in 3 years. This was my first training shoe and now I am also getting terrex from adidas. I walked upto 18 kms in these over hilly terrain, absolute comfort for me. I like the sole, it‚Äôs hard and tough it ensure not every pebble or sharp rock is felt in foot, which is very important. If you get soft sole it‚Äôs good for your normal day .. home to work to party to home .. the moment you walk off the track you‚Äôll feel the difference. I used to keep them in backpack when I was going to party or any place, who knows when I‚Äôll need them!?"
75,"Amazon.in:Customer reviews: Adidas Men Synthetic BREAKNET 2.0, Tennis Shoes, CBLACK/FTWWHT/FTWWHT, UK-6",https://www.amazon.in/Adidas-Synthetic-BREAKNET-Tennis-CBLACK/product-reviews/B0BPDZC4RM/ref=cm_cr_dp_d_show_all_btm?ie=UTF8&reviewerType=all_reviews&pageNumber=,Gurpreet Singh,18-Jul-23,"5.0 out of 5 stars
Great product by adidas",5,"Shoe quality is ultimate.. look is also great, comfortable, original product"
76,"Amazon.in:Customer reviews: Adidas Men Synthetic &amp; Textile WideWalk M Walking Shoes, Grey, UK-8",https://www.amazon.in/Adidas-Wonder-Steel-Widewalk-Walking/product-reviews/B09N3PMX7C/ref=cm_cr_dp_d_show_all_btm?ie=UTF8&reviewerType=all_reviews&pageNumber=,Venkata ramana polumuri,22-Sep-23,"5.0 out of 5 stars
Nice",5,Good
77,Amazon.in:Customer reviews: Adidas Men's Multicolor Running Shoes - 10 UK,https://www.amazon.in/Adidas-Adi-Shawt-Vicblu-Ftwwht-Running/product-reviews/B094QD2868/ref=cm_cr_dp_d_show_all_btm?ie=UTF8&reviewerType=all_reviews&pageNumber=,chethan,31-Jan-24,"5.0 out of 5 stars
Nice shoes",5,Feel good compatbole
78,Amazon.in:Customer reviews: Adidas Men Textile LITE Racer Adapt 5.0 Running Shoe CBLACK/GREFIV/GRETHR (UK-8),https://www.amazon.in/Adidas-Textile-Running-CBLACK-GREFIV/product-reviews/B0B31GVBJN/ref=cm_cr_dp_d_show_all_btm?ie=UTF8&reviewerType=all_reviews&pageNumber=,sridhar,05-Jan-24,"5.0 out of 5 stars
Perfect for Running Jogging and Walking",5,"Its an excellent shoe designed running.Very light , feel like just weating socks.very good grip at the ankle. and not too tight at the toe.Very impressive blue & white color."
79,"Amazon.in:Customer reviews: Adidas Men Synthetic Cyberrun M Running Shoe Legear/Dovgry/Actgol (Uk-10), Multi",https://www.amazon.in/Adidas-Synthetic-CyberRun-Running-Shoes/product-reviews/B0BJKZG78C/ref=cm_cr_dp_d_show_all_btm?ie=UTF8&reviewerType=all_reviews&pageNumber=,Abhishek Khati,10-Dec-23,"5.0 out of 5 stars
Excellent Shoe",5,"Super comfortable to wear, it very light weighted and you can use this a running shoes."
80,"Amazon.in:Customer reviews: Adidas Men Textile CriHase 23, Cricket Shoes, White, UK-12",https://www.amazon.in/Adidas-Textile-CriHase-Cricket-Shoes/product-reviews/B0CPVLLTTG/ref=cm_cr_dp_d_show_all_btm?ie=UTF8&reviewerType=all_reviews&pageNumber=,A.B,14-Feb-24,"5.0 out of 5 stars
A beautiful experience",5,The shoes are awesome....And the safety of originality of the product managed by Amazon is outstanding....I'm being impressed more and more year by years
81,Amazon.in:Customer reviews: Adidas Mens Throb M BLUNIT/ACTTEA Running Shoe - 8 UK (CM4884),https://www.amazon.in/Adidas-Active-Running-Shoes-8-CM4884/product-reviews/B082QB6NHY/ref=cm_cr_dp_d_show_all_btm?ie=UTF8&reviewerType=all_reviews&pageNumber=,Karan Bose,27-Aug-22,"5.0 out of 5 stars
Very comfortable",5,It is amazing that I have had two completely different experiences with Adidas shoes. This one is very nice and I always choose to wear this one because it fits well and is comfortable. I got another Adidas and it is so bad. No idea which one is genuine and which one is not
82,Nike Men's Low Neck top,https://www.amazon.com/Nike-Mens-White-Ghost-Synthetic/product-reviews/B07TDRLSP4/ref=cm_cr_dp_d_show_all_btm?ie=UTF8&reviewerType=all_reviews&pageNumber=,Ashleigh Walli,"February 8, 2024","5.0 out of 5 stars
Love them",5,"My son loved them. They fit great, looked great, and he said they were comfortable."
83,Nike mens Revolution 6 Road Running,https://www.amazon.com/Nike-mens-Revolution-Road-Running/product-reviews/B0CPTHHGK5/ref=cm_cr_dp_d_show_all_btm?ie=UTF8&reviewerType=all_reviews&pageNumber=,Random Guy,"November 23, 2023","5.0 out of 5 stars
Perfect Fit and Enhanced Performance",5,"I recently purchased a pair of Men's Nike shoes for my son, and I am thrilled to share my positive experience with this product. These shoes have truly exceeded our expectations, providing both a perfect fit and noticeable improvements in his running abilities.First and foremost, the fit of these Nike shoes is exceptional. They have been designed with precision, ensuring a comfortable and secure fit for my son's feet. The shoes hug his feet perfectly, providing the necessary support and stability for his active lifestyle. He has expressed his satisfaction with how well they fit, allowing him to move freely and confidently during his runs and other physical activities.In terms of performance, these Nike shoes have made a noticeable difference. My son has experienced enhanced running capabilities since wearing them. The shoes offer excellent cushioning and support, enabling him to run with greater ease and agility. He has expressed that his feet feel lighter, and he can maintain better traction and grip while on the move. These shoes have truly helped him elevate his running game.The quality of these Nike shoes is outstanding. The materials used are durable and built to last, with no signs of wear or tear even after regular use. The shoes have proven to be resilient and capable of withstanding the demands of my son's active lifestyle. I am confident that they will continue to provide long-lasting performance, making them a worthwhile investment.Overall, I am extremely pleased with the Men's Nike shoes I purchased for my son. Not only do they fit him perfectly, but they have also significantly improved his running abilities. The exceptional quality and durability of these shoes ensure that they will accompany him on his adventures for a long time to come. I highly recommend these Nike shoes to anyone seeking reliable, performance-enhancing footwear."
84,NIKE Men's Sneaker,https://www.amazon.com/Nike-DD9293-300-Mens-Sneaker/product-reviews/B0B6G5R7KZ/ref=cm_cr_dp_d_show_all_btm?ie=UTF8&reviewerType=all_reviews&pageNumber=,Shoes came exactly as described for true to size and overall happy with purchase would recommend,"January 24, 2024","5.0 out of 5 stars
Awesome sneaker",5,"Great look, light weight and nice quality shoe for the price. Fits true to size and definitely get good looks"
85,Nike mens Air Force 1 Low Retro,https://www.amazon.com/Nike-mens-Air-Force-Retro/product-reviews/B0CPTDZ2LZ/ref=cm_cr_dp_d_show_all_btm?ie=UTF8&reviewerType=all_reviews&pageNumber=,Cindy,"January 28, 2024","5.0 out of 5 stars
Nice shoes",5,"My son loves these shoes. He says they fit well, look good and are super comfortable!"
86,Nike mens Blazer Mid 77 Vintage,https://www.amazon.com/Nike-mens-Blazer-Mid-Vintage/product-reviews/B0CPTGRBP1/ref=cm_cr_dp_d_show_all_btm?ie=UTF8&reviewerType=all_reviews&pageNumber=,D,"February 19, 2024","5.0 out of 5 stars
My favorite shoe",5,The top of the tongue is supposed to be like that if you were wondering. It‚Äôs a great durable and good looking sneaker
87,Nike mens Legent Essential 2 Training,https://www.amazon.com/Nike-mens-Legent-Essential-Training/product-reviews/B0CPTFQQKC/ref=cm_cr_dp_d_show_all_btm?ie=UTF8&reviewerType=all_reviews&pageNumber=,Melissa Cross,"January 13, 2024","5.0 out of 5 stars
Christmas gift",5,"Bought for my son in law for Christmas, and he loved the.  Said they are very comfortable and seem to be holding up good.  He goes through a pair of shoes every couple months with his job and he's had these for a month, and they still look to be in good condition."
88,Nike Men's Basketball Shoes,https://www.amazon.com/Nike-Court-Vision-Mens-Shoes/product-reviews/B0B192D4DC/ref=cm_cr_dp_d_show_all_btm?ie=UTF8&reviewerType=all_reviews&pageNumber=,jon beyor,"January 22, 2024","5.0 out of 5 stars
Excellent",5,Perfect and clean great fit
89,Nike Men's Sneaker,https://www.amazon.com/Nike-DD0204-001-Mens-Sneaker/product-reviews/B0B6G6PTNQ/ref=cm_cr_dp_d_show_all_btm?ie=UTF8&reviewerType=all_reviews&pageNumber=,The4C‚Äôs,"August 30, 2023","5.0 out of 5 stars
Nice Color, good quality",5,My son loves these shoes. Great for running and the colors are vibrant. When blue is this rich in color it makes you wonder if it isn‚Äôt a purple look. This shoe is a vibrant royal blue and looks great. Heal bed is comfortable with a cushiony feel with great bounce.
90,Nike mens Revolution 5 Running,https://www.amazon.com/Nike-mens-Revolution-5-Running/product-reviews/B0CPTFQL53/ref=cm_cr_dp_d_show_all_btm?ie=UTF8&reviewerType=all_reviews&pageNumber=,Steve and Inez,"January 8, 2024","5.0 out of 5 stars
Very good shoes !!!",5,"The shoes feel great, nice and wide. Very comfortable."
91,Nike mens Air Monarch IV,https://www.amazon.com/Nike-mens-Air-Monarch-IV/product-reviews/B0CPTCZPF2/ref=cm_cr_dp_d_show_all_btm?ie=UTF8&reviewerType=all_reviews&pageNumber=,R-,"June 15, 2023","5.0 out of 5 stars
Best men's aerobic shoe",5,"I have tried every brand of training, walking, and aerobic shoe and I finally found a shoe that can stand up to my active exercise lifestyle. I used to turn my ankle a few times a year with other shoes and my metatarsal would be sore to the touch at least once a month. Since I have been wearing these Air Monarchs, I have not turned an ankle and my metatarsal is never sore. I have recently started using orthotics for my other shoes and they fit perfectly in the Air Monarchs with plenty of toe room. The last in these shoes is very strong and the shoes will retain form anywhere from 6 months to a year, depending on how many classes you take a week. If you workout indoors, the soles will not breakdown. I have pronounced pronation so I tend to wear out shoe soles quickly when I walk a lot, but indoors the first part of the shoe to age is the last and the shoes start to provide less support. The ball area has a round sole support which is good for spinning, turning, and other jazzercize moves.I also tend to wear holes in the toe area. Because these shoes are leather, toe wear is non-existent.I highly recommend these shoes for any type of aerobic exercise.I finally zeroed in on a size comfortable for me that is one size larger than my regular shoe size, primarily because I wear thick socks when I exercise which helps stimulate blood return as I am considered beyond middle age and my feet can swell more often. I would recommend you try shoe sizes before you buy. I order one size up on all Nike gear from experience."
92,Nike mens Free Run 2018,https://www.amazon.com/Nike-mens-Free-Run-2018/product-reviews/B0CPTJTKPP/ref=cm_cr_dp_d_show_all_btm?ie=UTF8&reviewerType=all_reviews&pageNumber=,brigid johannes,"December 3, 2023","5.0 out of 5 stars
Great Looking Shoe",5,"With all of the crazy styles out there, my husband always struggles to find a sensible shoe with a neutral color that still offers a little bit of style at the same time. Well guys, look no further! These shoes fit great, are comfortable, and feel lighter than air! He likes them so much that we bought them in black, white, and grey!"
93,"Nike Men's Sneakers, 9 AU",https://www.amazon.com/Nike-Mens-Black-Black-Black-604133/product-reviews/B074DKFDLZ/ref=cm_cr_dp_d_show_all_btm?ie=UTF8&reviewerType=all_reviews&pageNumber=,Kevin E.,"February 20, 2024","5.0 out of 5 stars
Great",5,Timely shipping & comfortable
94,Nike Men's Basketball Three Quarters Tall,https://www.amazon.com/Nike-Mens-Basketball-Three-Quarters/product-reviews/B0CK7W9P3B/ref=cm_cr_dp_d_show_all_btm?ie=UTF8&reviewerType=all_reviews&pageNumber=,DejayT,"January 23, 2024","5.0 out of 5 stars
Legit and comfortable",5,"The one thing us consumers all want is a legitimate brand ,decent price and not getting ripped off ,these Giannis Nikes check all those boxes , legit//great price/ great looking and comfortable ...so go for it!!"
95,Nike Men's Court Vision Lo Sneaker,https://www.amazon.com/Nike-Mens-Court-Vision-Lo/product-reviews/B096M2VP1S/ref=cm_cr_dp_d_show_all_btm?ie=UTF8&reviewerType=all_reviews&pageNumber=,Raymond B Campbell,"April 1, 2022","5.0 out of 5 stars
Fit perfectly very comfortable",5,"Shoes fit perfectly, were easy to put on, comfortable to walk in, and look great"
96,Nike mens Run Swift 2,https://www.amazon.com/Nike-mens-Run-Swift-2/product-reviews/B0CPTGHPT2/ref=cm_cr_dp_d_show_all_btm?ie=UTF8&reviewerType=all_reviews&pageNumber=,norma h.,"February 17, 2023","5.0 out of 5 stars
Nike men's shoes",5,These shoes are on point.  True to size  and comfortable. Love them.
97,"Nike Men's Sneakers, 0",https://www.amazon.com/Nike-924453-006-Mens-Sneakers-0/product-reviews/B07X3LT39M/ref=cm_cr_dp_d_show_all_btm?ie=UTF8&reviewerType=all_reviews&pageNumber=,ROTCEH RIOS,"February 12, 2024","5.0 out of 5 stars
Good and super nice",5,Super nice
98,Nike Men's Running Shoe,https://www.amazon.com/Nike-Mens-Revolution-Running-Shoes/product-reviews/B0B27HK7HJ/ref=cm_cr_dp_d_show_all_btm?ie=UTF8&reviewerType=all_reviews&pageNumber=,Megan,"February 22, 2024","5.0 out of 5 stars
Really great shoes!",5,"Got these as a gift for my boyfriend and he loves them! They fit great, are comfortable, they look nice, and they seem like they will hold up for a long time. Can‚Äôt recommend them enough!"
99,Nike Men's Killshot 2,https://www.amazon.com/Nike-432997-107-Mens-Killshot-2/product-reviews/B0BHVJKCRW/ref=cm_cr_dp_d_show_all_btm?ie=UTF8&reviewerType=all_reviews&pageNumber=,Joseph H Robertson,"January 3, 2024","5.0 out of 5 stars
Nike sneakers",5,"I got these sneakers about 2 weeks ago and so far, they wear well. I love the retro look they exude."
100,Nike Men's Court Vision Mid Sneaker,https://www.amazon.com/Nike-Mens-Court-Vision-Sneaker/product-reviews/B07NMZBF7V/ref=cm_cr_dp_d_show_all_btm?ie=UTF8&reviewerType=all_reviews&pageNumber=,Amazon Customer,"December 16, 2023","5.0 out of 5 stars
Good value.",5,"Bought these for my grandson to wear to school. He loves the look, fit and feel.  They are the only shoes he wants to wear now."
101,Nike mens Roshe One,https://www.amazon.com/Nike-mens-Roshe-One/product-reviews/B0CPTG1Q5V/ref=cm_cr_dp_d_show_all_btm?ie=UTF8&reviewerType=all_reviews&pageNumber=,Alisha,"January 25, 2024","5.0 out of 5 stars
Mens Nike Roshe one",5,"Perfect and comfortable.I ordered them for my husband .They are so comfortable and light weight, he doesn't complain anymore of leg problems."
102,Nike mens Court Legacy,https://www.amazon.com/Nike-mens-Court-Legacy/product-reviews/B0CPTG2YKC/ref=cm_cr_dp_d_show_all_btm?ie=UTF8&reviewerType=all_reviews&pageNumber=,Manuel,"February 12, 2024","5.0 out of 5 stars
Look amazing!!",5,They run narrow. I have narrow feet so they are okay for me. I‚Äôm sure they‚Äôll loosen up. They look and feel amazing!
103,Nike mens Quest 4 Platform,https://www.amazon.com/Nike-mens-Quest-4-Platform/product-reviews/B0CPTH6L49/ref=cm_cr_dp_d_show_all_btm?ie=UTF8&reviewerType=all_reviews&pageNumber=,Richard,"February 18, 2024","5.0 out of 5 stars
Fit",5,"I have wider feet and these fit snug but comfortable, was afraid I‚Äôd have to find shoes in wide or extra wide so I‚Äôm satisfied. Also they‚Äôre really light. I got these for the gym so they do the job, not sure about runningBlack shoes- bought them for $80 and a week later drops to $67 but the other colors are in the 100s‚Ä¶ shame on the seller!"
104,Nike Men's Gymnastics Shoes,https://www.amazon.com/Nike-CW2288-001-Mens-Gymnastics-Shoes/product-reviews/B0C39HGVRT/ref=cm_cr_dp_d_show_all_btm?ie=UTF8&reviewerType=all_reviews&pageNumber=,Your mom,"February 20, 2024","5.0 out of 5 stars
Great shoes for working as well!",5,"I bought these shoes for work because it‚Äôs dress code (for black shoes) and a few Co worker‚Äôs recommended Them. I work in a very ‚ÄúShoe abusive"" environment, so I thought it would be a waste of money, BUT NO! They have lasted longer than any other Shoe that I‚Äôve worn, and are fairly comfortable. So yes I highly recommend these shoes."
105,Nike mens Air Max 2017,https://www.amazon.com/Nike-mens-Air-Max-2017/product-reviews/B0CPTF4P7Y/ref=cm_cr_dp_d_show_all_btm?ie=UTF8&reviewerType=all_reviews&pageNumber=,Brad,"January 25, 2024","5.0 out of 5 stars
Very stylish and comfortable",5,This sneaker is great for walking and looks exceptionally stylishüëçüèº
106,Nike Men's Running Shoes,https://www.amazon.com/Nike-Experience-Running-Trainers-Sneakers/product-reviews/B0BLW6SVJ7/ref=cm_cr_dp_d_show_all_btm?ie=UTF8&reviewerType=all_reviews&pageNumber=,PASINS,"February 18, 2024","5.0 out of 5 stars
Nice price",5,Waited for the price to drop before purchasing. Sneakers are very comfortable and seem pretty durable. Just wait for the right price.
107,Nike mens Air Force 1 '07 LV8,https://www.amazon.com/Nike-mens-Air-Force-LV8/product-reviews/B0CPTFX9RF/ref=cm_cr_dp_d_show_all_btm?ie=UTF8&reviewerType=all_reviews&pageNumber=,Francine H.,"February 9, 2024","5.0 out of 5 stars
Sturdy, Fashionable Nike's",5,"One of my son's favorite sneakers.  Looks great with all clothing styles, very comfortable and sturdy."
108,NIKE Men's Sneaker Three Quarters Tall,https://www.amazon.com/NIKE-Mens-Sneaker-Three-Quarters/product-reviews/B0BTZX41JT/ref=cm_cr_dp_d_show_all_btm?ie=UTF8&reviewerType=all_reviews&pageNumber=,Lou Demarti,"February 16, 2024","5.0 out of 5 stars
Great shoes ---better price!",5,I love everything about them.The LeBron signature shoes are always stylish and comfortable but to get them for just over 70 bucks (while they're still 104 at the store) well that is value.
109,"Nike Men's Sneaker,Running Shoes",https://www.amazon.com/Nike-Mens-Sneaker-Running-Shoes/product-reviews/B07C5DJ6LC/ref=cm_cr_dp_d_show_all_btm?ie=UTF8&reviewerType=all_reviews&pageNumber=,Valerie Kragh,"November 22, 2023","5.0 out of 5 stars
Great shoe!",5,"This is the second pair I have purchased. They are very comfortable, true to size, and are very durable. Best I‚Äôve found for work-standing most of day."
110,Nike Men's Gymnastics Shoes Sneakers,https://www.amazon.com/Nike-Court-Vision-Nature-Sneakers/product-reviews/B09W62SS7G/ref=cm_cr_dp_d_show_all_btm?ie=UTF8&reviewerType=all_reviews&pageNumber=,chance,"January 19, 2024","5.0 out of 5 stars
Fits great",5,Looks good and great price
111,Nike Men's Basketball Shoe,https://www.amazon.com/Nike-DD1391-100-Mens-Basketball-Shoe/product-reviews/B08RTG3RN9/ref=cm_cr_dp_d_show_all_btm?ie=UTF8&reviewerType=all_reviews&pageNumber=,Jamo,"February 20, 2024","5.0 out of 5 stars
Fire shoes",5,"Great quality dunks, match almost anything, get complimented on them often"
112,Nike Men's Air Monarch Iv Cross Trainer,https://www.amazon.com/Nike-Mens-Monarch-Cross-Trainer/product-reviews/B07RJTN4CS/ref=cm_cr_dp_d_show_all_btm?ie=UTF8&reviewerType=all_reviews&pageNumber=,Larry Pierson,"December 22, 2023","5.0 out of 5 stars
Comfortable shoes at a good price",5,"I have a larger foot and these shoes are a style that fits my foot well. However, this style is not being made any longer so I was pleasantly surprised to find that I could purchase them in my size on Amazon for a good price and they are delivered to my home. This is a great deal all the way around."
113,Under Armour Men's Charged Assert 9 Running Shoe,https://www.amazon.com/Under-Armour-Charged-Assert-Running/product-reviews/B087P32XQG/ref=cm_cr_dp_d_show_all_btm?ie=UTF8&reviewerType=all_reviews&pageNumber=,enzofrost,"December 11, 2023","5.0 out of 5 stars
Form fitting shock absorbing foot heaven",5,"I‚Äôve been in the market for new walking shoes for a while now and have tried on at least a dozen pairs before these. It was immediately apparent to me that these were the winning pair.Pros-Light weight but structurally strongThe heel cup is pronounced holding my foot in place nicely even when unlacedGreat shock absorptionMiddle of the road arch support, it neither pushes into my foot nor does it leave my arch floatingThe shoe widens out at the ball of the foot just right to support the sides of my feet without squeezing them.Cons-Basic insole, that‚Äôs comfortable but not as padded or advanced as other shoesLow rise ankle socks are a no no with these shoes as the heel cup I enjoy will suck your sock into the shoe and off your heel.All in all, for $40-$55 these are great shoes. They don‚Äôt even feel like you‚Äôre wearing shoes. The wife likes the look and feel so much she made me order her a woman‚Äôs pair of the same shoe. You can‚Äôt go wrong with this shoeUpdate 2/26/24 have worn these consistently and they look and feel new still. They handled a full week at Disney World averaging 25,000 steps per day at the parks. My feet were never tired or sore. No blisters chafing, or irritation from movement in the shoe because they are formed wonderfully around and behind the heel. I‚Äôm ordering a second pair for whenever these do wear out. My favorite pair of shoes in a long time. Genuinely enjoy these more than my brooks (which are still wonderful) and my ON cloud shoes which I feel are hyped much more than their actual quality and worth in my humble opinion"
114,Nike Air Max Sc Men's Trainers,https://www.amazon.com/Nike-Air-Max-Mens-Sneakers/product-reviews/B096DJ4CVY/ref=cm_cr_dp_d_show_all_btm?ie=UTF8&reviewerType=all_reviews&pageNumber=,Shoes came exactly as described for true to size and overall happy with purchase would recommend,"January 24, 2024","5.0 out of 5 stars
Great buy",5,This shoe is comfortable and very fits true to size. Decent and stylish design makes for a great pair of shoes.
115,Nike Men's Flex Control TR3 Sneaker,https://www.amazon.com/Nike-Mens-Flex-Control-Sneaker/product-reviews/B07H7SF7TL/ref=cm_cr_dp_d_show_all_btm?ie=UTF8&reviewerType=all_reviews&pageNumber=,Manuel,"February 12, 2024","5.0 out of 5 stars
Comfortable and look great!",5,"These shoes fit me well, but I do have narrow feet. These may not be your jam if you desire a bigger toe box. They look awesome though!"
116,Nike Men's Sneaker,https://www.amazon.com/Nike-CZ1884-011-Mens-Sneaker/product-reviews/B074GXFV5X/ref=cm_cr_dp_d_show_all_btm?ie=UTF8&reviewerType=all_reviews&pageNumber=,nat,"October 22, 2023","5.0 out of 5 stars
Fit small, size up!",5,"The media could not be loaded.
                
Overall they are very comfy and look nice.They do fit smaller than regular sneakers so make sure to size up. Good quality!"
117,Nike mens Free Metcon 4,https://www.amazon.com/Nike-mens-Free-Metcon-4/product-reviews/B0CPXLVJJY/ref=cm_cr_dp_d_show_all_btm?ie=UTF8&reviewerType=all_reviews&pageNumber=,Dee'Lighted,"February 9, 2024","5.0 out of 5 stars
Comfort and stability for training",5,"My Nikes came in w/out a box, wrapped in plastic, in a plastic bag... It surprised me that it didn't get any damage while traveling... Thankfully! These fit great (I'm usually a size 11, maybe 10.5... but after seeing some reviews all over, I decided to buy a 11.5 and it fit perfectly). These tennis are great for training, great stability while lifting weights (something I was missing by using running shoes). The color is even louder and better live than as seen in these pics. Take a chance!"
118,Nike Men's Air Zoom Pegasus 38 Running Shoe,https://www.amazon.com/Nike-Mens-Stroke-Running-Shoe/product-reviews/B08R4T8Z9D/ref=cm_cr_dp_d_show_all_btm?ie=UTF8&reviewerType=all_reviews&pageNumber=,John E. Adams,"February 13, 2024","5.0 out of 5 stars
Great product",5,"Lightweight, feels like jogging on air"
119,Nike Men's Lunar MVP Pregame,https://www.amazon.com/Nike-Mens-Lunar-MVP-Pregame/product-reviews/B0752TVT14/ref=cm_cr_dp_d_show_all_btm?ie=UTF8&reviewerType=all_reviews&pageNumber=,Prabhjot,"January 24, 2024","5.0 out of 5 stars
Perfect shoes",5,My son loves these great designed shoes. He wears them all day and are comfortable. His friends also wear similar shoes and it adds to his confidence.
120,Nike Men's Rosherun Running Shoe,https://www.amazon.com/Nike-Mens-Rosherun-Running-Shoe/product-reviews/B08B5HW4L2/ref=cm_cr_dp_d_show_all_btm?ie=UTF8&reviewerType=all_reviews&pageNumber=,Jose P.,"October 5, 2023","5.0 out of 5 stars
High quality product as expected.",5,High quality product. Delivered in time.
121,Nike Men's Sneaker,https://www.amazon.com/Nike-DD6203-004-Mens-Sneaker/product-reviews/B0B6G2Z5G8/ref=cm_cr_dp_d_show_all_btm?ie=UTF8&reviewerType=all_reviews&pageNumber=,Naris Ahimbisibwe,"December 31, 2023","5.0 out of 5 stars
Very comfortable",5,Comfortable
122,Nike mens Air Max Pre-Day Running,https://www.amazon.com/Nike-mens-Air-Pre-Day-Running/product-reviews/B0CPTH1BWS/ref=cm_cr_dp_d_show_all_btm?ie=UTF8&reviewerType=all_reviews&pageNumber=,Arthur terrasas,"February 25, 2024","5.0 out of 5 stars
Comfort",5,These sneaker are comfortable good buyüëçüèΩthe size is a true fit
123,Nike mens Pegasus Trail 3 Running,https://www.amazon.com/Nike-mens-Pegasus-Trail-Running/product-reviews/B0CPTFMBV4/ref=cm_cr_dp_d_show_all_btm?ie=UTF8&reviewerType=all_reviews&pageNumber=,GSL,"February 29, 2024","5.0 out of 5 stars
Fantastic Shoe‚Ä¶more than expected.",5,"This shoe is the perfect fit, perfect weight, perfect support, perfect style.  What‚Äôs better than perfect‚Ä¶.nothing! Buy this shoes (I have it in three colors) and will buy it to infinity."
124,Nike Men's Sneakers Running Shoes,https://www.amazon.com/Nike-Mens-Correlate-Running-Shoe/product-reviews/B00A8P10XI/ref=cm_cr_dp_d_show_all_btm?ie=UTF8&reviewerType=all_reviews&pageNumber=,Adam Foltz,"January 28, 2024","5.0 out of 5 stars
Great classic shoes",5,Classic Nike air look and they fit pretty good. Definitely real. They‚Äôre a tad snug but that‚Äôs typical for Nike.
125,Nike mens Metcon 8 Workout,https://www.amazon.com/Nike-mens-Metcon-8-Workout/product-reviews/B0CPTGTM1Y/ref=cm_cr_dp_d_show_all_btm?ie=UTF8&reviewerType=all_reviews&pageNumber=,Ryan Nash,"February 22, 2024","5.0 out of 5 stars
Working great as lifting shoes",5,Fit is comfortable and sizing is as expected. These are working out great so far as gym/lifting shoes.
126,Nike Women's Air Max Excee Shoes,https://www.amazon.com/Nike-Womens-Air-Excee-Shoes/product-reviews/B0CN1RNB5R/ref=cm_cr_dp_d_show_all_btm?ie=UTF8&reviewerType=all_reviews&pageNumber=,Nicole Monahan,"February 20, 2024","5.0 out of 5 stars
Great look",5,Took a little longer than expected to get them. But the shoes are great. Exactly what I wanted
127,Nike mens React Infinity 3,https://www.amazon.com/Nike-mens-React-Infinity-3/product-reviews/B0CPXJP9G2/ref=cm_cr_dp_d_show_all_btm?ie=UTF8&reviewerType=all_reviews&pageNumber=,Triccia Go,"January 12, 2024","5.0 out of 5 stars
Durable, comfortable everyday shoes",5,"As title says, these are super durable and comfortable for everyday use and running. Been wearing these everyday for four months and they still have no visible wear and tear."
128,Nike mens Running,https://www.amazon.com/Nike-mens-Running/product-reviews/B0CPTFN3QD/ref=cm_cr_dp_d_show_all_btm?ie=UTF8&reviewerType=all_reviews&pageNumber=,Mike Kramer,"January 22, 2024","5.0 out of 5 stars
Good shoe",5,"Good fit, decent style for 14 year old, and reasonably priced"
129,adidas Men's Daily 3.0 Sneaker,https://www.amazon.com/adidas-GW6421-Mens-Sneaker/product-reviews/B0B69FQ4GY/ref=cm_cr_dp_d_show_all_btm?ie=UTF8&reviewerType=all_reviews&pageNumber=,Kole Riley,"February 27, 2024","5.0 out of 5 stars
Classic shoe for everyday wear",5,"I love these shoes. I thought I‚Äôd have to break these shoes in, but they fit perfectly and comfortably immediately. I typically wear a size 11, which is the size I purchased, and they were true to fit. These have a classic style that I can wear as everyday shoes. I‚Äôd absolutely buy another pair."
